[
  {
    "country": "Afghanistan",
    "countryCode": "AF",
    "countryCode3": "AFG",
    "numericCode": 4,
    "latitude": 33,
    "longitude": 65
  },
  {
    "country": "Albania",
    "countryCode": "AL",
    "countryCode3": "ALB",
    "numericCode": 8,
    "latitude": 41,
    "longitude": 20
  },
  {
    "country": "Algeria",
    "countryCode": "DZ",
    "countryCode3": "DZA",
    "numericCode": 12,
    "latitude": 28,
    "longitude": 3
  },
  {
    "country": "American Samoa",
    "countryCode": "AS",
    "countryCode3": "ASM",
    "numericCode": 16,
    "latitude": -14.3333,
    "longitude": -170
  },
  {
    "country": "Andorra",
    "countryCode": "AD",
    "countryCode3": "AND",
    "numericCode": 20,
    "latitude": 42.5,
    "longitude": 1.6
  },
  {
    "country": "Angola",
    "countryCode": "AO",
    "countryCode3": "AGO",
    "numericCode": 24,
    "latitude": -12.5,
    "longitude": 18.5
  },
  {
    "country": "Anguilla",
    "countryCode": "AI",
    "countryCode3": "AIA",
    "numericCode": 660,
    "latitude": 18.25,
    "longitude": -63.1667
  },
  {
    "country": "Antarctica",
    "countryCode": "AQ",
    "countryCode3": "ATA",
    "numericCode": 10,
    "latitude": -90,
    "longitude": 0
  },
  {
    "country": "Antigua and Barbuda",
    "countryCode": "AG",
    "countryCode3": "ATG",
    "numericCode": 28,
    "latitude": 17.05,
    "longitude": -61.8
  },
  {
    "country": "Argentina",
    "countryCode": "AR",
    "countryCode3": "ARG",
    "numericCode": 32,
    "latitude": -34,
    "longitude": -64
  },
  {
    "country": "Armenia",
    "countryCode": "AM",
    "countryCode3": "ARM",
    "numericCode": 51,
    "latitude": 40,
    "longitude": 45
  },
  {
    "country": "Aruba",
    "countryCode": "AW",
    "countryCode3": "ABW",
    "numericCode": 533,
    "latitude": 12.5,
    "longitude": -69.9667
  },
  {
    "country": "Australia",
    "countryCode": "AU",
    "countryCode3": "AUS",
    "numericCode": 36,
    "latitude": -27,
    "longitude": 133
  },
  {
    "country": "Austria",
    "countryCode": "AT",
    "countryCode3": "AUT",
    "numericCode": 40,
    "latitude": 47.3333,
    "longitude": 13.3333
  },
  {
    "country": "Azerbaijan",
    "countryCode": "AZ",
    "countryCode3": "AZE",
    "numericCode": 31,
    "latitude": 40.5,
    "longitude": 47.5
  },
  {
    "country": "Bahamas",
    "countryCode": "BS",
    "countryCode3": "BHS",
    "numericCode": 44,
    "latitude": 24.25,
    "longitude": -76
  },
  {
    "country": "Bahrain",
    "countryCode": "BH",
    "countryCode3": "BHR",
    "numericCode": 48,
    "latitude": 26,
    "longitude": 50.55
  },
  {
    "country": "Bangladesh",
    "countryCode": "BD",
    "countryCode3": "BGD",
    "numericCode": 50,
    "latitude": 24,
    "longitude": 90
  },
  {
    "country": "Barbados",
    "countryCode": "BB",
    "countryCode3": "BRB",
    "numericCode": 52,
    "latitude": 13.1667,
    "longitude": -59.5333
  },
  {
    "country": "Belarus",
    "countryCode": "BY",
    "countryCode3": "BLR",
    "numericCode": 112,
    "latitude": 53,
    "longitude": 28
  },
  {
    "country": "Belgium",
    "countryCode": "BE",
    "countryCode3": "BEL",
    "numericCode": 56,
    "latitude": 50.8333,
    "longitude": 4
  },
  {
    "country": "Belize",
    "countryCode": "BZ",
    "countryCode3": "BLZ",
    "numericCode": 84,
    "latitude": 17.25,
    "longitude": -88.75
  },
  {
    "country": "Benin",
    "countryCode": "BJ",
    "countryCode3": "BEN",
    "numericCode": 204,
    "latitude": 9.5,
    "longitude": 2.25
  },
  {
    "country": "Bermuda",
    "countryCode": "BM",
    "countryCode3": "BMU",
    "numericCode": 60,
    "latitude": 32.3333,
    "longitude": -64.75
  },
  {
    "country": "Bhutan",
    "countryCode": "BT",
    "countryCode3": "BTN",
    "numericCode": 64,
    "latitude": 27.5,
    "longitude": 90.5
  },
  {
    "country": "Bolivia",
    "countryCode": "BO",
    "countryCode3": "BOL",
    "numericCode": 68,
    "latitude": -17,
    "longitude": -65
  },
  {
    "country": "Bosnia and Herzegovina",
    "countryCode": "BA",
    "countryCode3": "BIH",
    "numericCode": 70,
    "latitude": 44,
    "longitude": 18
  },
  {
    "country": "Botswana",
    "countryCode": "BW",
    "countryCode3": "BWA",
    "numericCode": 72,
    "latitude": -22,
    "longitude": 24
  },
  {
    "country": "Bouvet Island",
    "countryCode": "BV",
    "countryCode3": "BVT",
    "numericCode": 74,
    "latitude": -54.4333,
    "longitude": 3.4
  },
  {
    "country": "Brazil",
    "countryCode": "BR",
    "countryCode3": "BRA",
    "numericCode": 76,
    "latitude": -10,
    "longitude": -55
  },
  {
    "country": "British Indian Ocean Territory",
    "countryCode": "IO",
    "countryCode3": "IOT",
    "numericCode": 86,
    "latitude": -6,
    "longitude": 71.5
  },
  {
    "country": "Brunei",
    "countryCode": "BN",
    "countryCode3": "BRN",
    "numericCode": 96,
    "latitude": 4.5,
    "longitude": 114.6667
  },
  {
    "country": "Bulgaria",
    "countryCode": "BG",
    "countryCode3": "BGR",
    "numericCode": 100,
    "latitude": 43,
    "longitude": 25
  },
  {
    "country": "Burkina Faso",
    "countryCode": "BF",
    "countryCode3": "BFA",
    "numericCode": 854,
    "latitude": 13,
    "longitude": -2
  },
  {
    "country": "Burundi",
    "countryCode": "BI",
    "countryCode3": "BDI",
    "numericCode": 108,
    "latitude": -3.5,
    "longitude": 30
  },
  {
    "country": "Cambodia",
    "countryCode": "KH",
    "countryCode3": "KHM",
    "numericCode": 116,
    "latitude": 13,
    "longitude": 105
  },
  {
    "country": "Cameroon",
    "countryCode": "CM",
    "countryCode3": "CMR",
    "numericCode": 120,
    "latitude": 6,
    "longitude": 12
  },
  {
    "country": "Canada",
    "countryCode": "CA",
    "countryCode3": "CAN",
    "numericCode": 124,
    "latitude": 60,
    "longitude": -95
  },
  {
    "country": "Cape Verde",
    "countryCode": "CV",
    "countryCode3": "CPV",
    "numericCode": 132,
    "latitude": 16,
    "longitude": -24
  },
  {
    "country": "Cayman Islands",
    "countryCode": "KY",
    "countryCode3": "CYM",
    "numericCode": 136,
    "latitude": 19.5,
    "longitude": -80.5
  },
  {
    "country": "Central African Republic",
    "countryCode": "CF",
    "countryCode3": "CAF",
    "numericCode": 140,
    "latitude": 7,
    "longitude": 21
  },
  {
    "country": "Chad",
    "countryCode": "TD",
    "countryCode3": "TCD",
    "numericCode": 148,
    "latitude": 15,
    "longitude": 19
  },
  {
    "country": "Chile",
    "countryCode": "CL",
    "countryCode3": "CHL",
    "numericCode": 152,
    "latitude": -30,
    "longitude": -71
  },
  {
    "country": "China",
    "countryCode": "CN",
    "countryCode3": "CHN",
    "numericCode": 156,
    "latitude": 35,
    "longitude": 105
  },
  {
    "country": "Christmas Island",
    "countryCode": "CX",
    "countryCode3": "CXR",
    "numericCode": 162,
    "latitude": -10.5,
    "longitude": 105.6667
  },
  {
    "country": "Cocos (Keeling) Islands",
    "countryCode": "CC",
    "countryCode3": "CCK",
    "numericCode": 166,
    "latitude": -12.5,
    "longitude": 96.8333
  },
  {
    "country": "Colombia",
    "countryCode": "CO",
    "countryCode3": "COL",
    "numericCode": 170,
    "latitude": 4,
    "longitude": -72
  },
  {
    "country": "Comoros",
    "countryCode": "KM",
    "countryCode3": "COM",
    "numericCode": 174,
    "latitude": -12.1667,
    "longitude": 44.25
  },
  {
    "country": "Congo",
    "countryCode": "CG",
    "countryCode3": "COG",
    "numericCode": 178,
    "latitude": -1,
    "longitude": 15
  },
  {
    "country": "Congo, the Democratic Republic of the",
    "countryCode": "CD",
    "countryCode3": "COD",
    "numericCode": 180,
    "latitude": 0,
    "longitude": 25
  },
  {
    "country": "Cook Islands",
    "countryCode": "CK",
    "countryCode3": "COK",
    "numericCode": 184,
    "latitude": -21.2333,
    "longitude": -159.7667
  },
  {
    "country": "Costa Rica",
    "countryCode": "CR",
    "countryCode3": "CRI",
    "numericCode": 188,
    "latitude": 10,
    "longitude": -84
  },
  {
    "country": "Côte d'Ivoire",
    "countryCode": "CI",
    "countryCode3": "CIV",
    "numericCode": 384,
    "latitude": 8,
    "longitude": -5
  },
  {
    "country": "Ivory Coast",
    "countryCode": "CI",
    "countryCode3": "CIV",
    "numericCode": 384,
    "latitude": 8,
    "longitude": -5
  },
  {
    "country": "Croatia",
    "countryCode": "HR",
    "countryCode3": "HRV",
    "numericCode": 191,
    "latitude": 45.1667,
    "longitude": 15.5
  },
  {
    "country": "Cuba",
    "countryCode": "CU",
    "countryCode3": "CUB",
    "numericCode": 192,
    "latitude": 21.5,
    "longitude": -80
  },
  {
    "country": "Cyprus",
    "countryCode": "CY",
    "countryCode3": "CYP",
    "numericCode": 196,
    "latitude": 35,
    "longitude": 33
  },
  {
    "country": "Czech Republic",
    "countryCode": "CZ",
    "countryCode3": "CZE",
    "numericCode": 203,
    "latitude": 49.75,
    "longitude": 15.5
  },
  {
    "country": "Denmark",
    "countryCode": "DK",
    "countryCode3": "DNK",
    "numericCode": 208,
    "latitude": 56,
    "longitude": 10
  },
  {
    "country": "Djibouti",
    "countryCode": "DJ",
    "countryCode3": "DJI",
    "numericCode": 262,
    "latitude": 11.5,
    "longitude": 43
  },
  {
    "country": "Dominica",
    "countryCode": "DM",
    "countryCode3": "DMA",
    "numericCode": 212,
    "latitude": 15.4167,
    "longitude": -61.3333
  },
  {
    "country": "Dominican Republic",
    "countryCode": "DO",
    "countryCode3": "DOM",
    "numericCode": 214,
    "latitude": 19,
    "longitude": -70.6667
  },
  {
    "country": "Ecuador",
    "countryCode": "EC",
    "countryCode3": "ECU",
    "numericCode": 218,
    "latitude": -2,
    "longitude": -77.5
  },
  {
    "country": "Egypt",
    "countryCode": "EG",
    "countryCode3": "EGY",
    "numericCode": 818,
    "latitude": 27,
    "longitude": 30
  },
  {
    "country": "El Salvador",
    "countryCode": "SV",
    "countryCode3": "SLV",
    "numericCode": 222,
    "latitude": 13.8333,
    "longitude": -88.9167
  },
  {
    "country": "Equatorial Guinea",
    "countryCode": "GQ",
    "countryCode3": "GNQ",
    "numericCode": 226,
    "latitude": 2,
    "longitude": 10
  },
  {
    "country": "Eritrea",
    "countryCode": "ER",
    "countryCode3": "ERI",
    "numericCode": 232,
    "latitude": 15,
    "longitude": 39
  },
  {
    "country": "Estonia",
    "countryCode": "EE",
    "countryCode3": "EST",
    "numericCode": 233,
    "latitude": 59,
    "longitude": 26
  },
  {
    "country": "Ethiopia",
    "countryCode": "ET",
    "countryCode3": "ETH",
    "numericCode": 231,
    "latitude": 8,
    "longitude": 38
  },
  {
    "country": "Falkland Islands (Malvinas)",
    "countryCode": "FK",
    "countryCode3": "FLK",
    "numericCode": 238,
    "latitude": -51.75,
    "longitude": -59
  },
  {
    "country": "Faroe Islands",
    "countryCode": "FO",
    "countryCode3": "FRO",
    "numericCode": 234,
    "latitude": 62,
    "longitude": -7
  },
  {
    "country": "Fiji",
    "countryCode": "FJ",
    "countryCode3": "FJI",
    "numericCode": 242,
    "latitude": -18,
    "longitude": 175
  },
  {
    "country": "Finland",
    "countryCode": "FI",
    "countryCode3": "FIN",
    "numericCode": 246,
    "latitude": 64,
    "longitude": 26
  },
  {
    "country": "France",
    "countryCode": "FR",
    "countryCode3": "FRA",
    "numericCode": 250,
    "latitude": 46,
    "longitude": 2
  },
  {
    "country": "French Guiana",
    "countryCode": "GF",
    "countryCode3": "GUF",
    "numericCode": 254,
    "latitude": 4,
    "longitude": -53
  },
  {
    "country": "French Polynesia",
    "countryCode": "PF",
    "countryCode3": "PYF",
    "numericCode": 258,
    "latitude": -15,
    "longitude": -140
  },
  {
    "country": "French Southern Territories",
    "countryCode": "TF",
    "countryCode3": "ATF",
    "numericCode": 260,
    "latitude": -43,
    "longitude": 67
  },
  {
    "country": "Gabon",
    "countryCode": "GA",
    "countryCode3": "GAB",
    "numericCode": 266,
    "latitude": -1,
    "longitude": 11.75
  },
  {
    "country": "Gambia",
    "countryCode": "GM",
    "countryCode3": "GMB",
    "numericCode": 270,
    "latitude": 13.4667,
    "longitude": -16.5667
  },
  {
    "country": "Georgia",
    "countryCode": "GE",
    "countryCode3": "GEO",
    "numericCode": 268,
    "latitude": 42,
    "longitude": 43.5
  },
  {
    "country": "Germany",
    "countryCode": "DE",
    "countryCode3": "DEU",
    "numericCode": 276,
    "latitude": 51,
    "longitude": 9
  },
  {
    "country": "Ghana",
    "countryCode": "GH",
    "countryCode3": "GHA",
    "numericCode": 288,
    "latitude": 8,
    "longitude": -2
  },
  {
    "country": "Gibraltar",
    "countryCode": "GI",
    "countryCode3": "GIB",
    "numericCode": 292,
    "latitude": 36.1833,
    "longitude": -5.3667
  },
  {
    "country": "Greece",
    "countryCode": "GR",
    "countryCode3": "GRC",
    "numericCode": 300,
    "latitude": 39,
    "longitude": 22
  },
  {
    "country": "Greenland",
    "countryCode": "GL",
    "countryCode3": "GRL",
    "numericCode": 304,
    "latitude": 72,
    "longitude": -40
  },
  {
    "country": "Grenada",
    "countryCode": "GD",
    "countryCode3": "GRD",
    "numericCode": 308,
    "latitude": 12.1167,
    "longitude": -61.6667
  },
  {
    "country": "Guadeloupe",
    "countryCode": "GP",
    "countryCode3": "GLP",
    "numericCode": 312,
    "latitude": 16.25,
    "longitude": -61.5833
  },
  {
    "country": "Guam",
    "countryCode": "GU",
    "countryCode3": "GUM",
    "numericCode": 316,
    "latitude": 13.4667,
    "longitude": 144.7833
  },
  {
    "country": "Guatemala",
    "countryCode": "GT",
    "countryCode3": "GTM",
    "numericCode": 320,
    "latitude": 15.5,
    "longitude": -90.25
  },
  {
    "country": "Guernsey",
    "countryCode": "GG",
    "countryCode3": "GGY",
    "numericCode": 831,
    "latitude": 49.5,
    "longitude": -2.56
  },
  {
    "country": "Guinea",
    "countryCode": "GN",
    "countryCode3": "GIN",
    "numericCode": 324,
    "latitude": 11,
    "longitude": -10
  },
  {
    "country": "Guinea-Bissau",
    "countryCode": "GW",
    "countryCode3": "GNB",
    "numericCode": 624,
    "latitude": 12,
    "longitude": -15
  },
  {
    "country": "Guyana",
    "countryCode": "GY",
    "countryCode3": "GUY",
    "numericCode": 328,
    "latitude": 5,
    "longitude": -59
  },
  {
    "country": "Haiti",
    "countryCode": "HT",
    "countryCode3": "HTI",
    "numericCode": 332,
    "latitude": 19,
    "longitude": -72.4167
  },
  {
    "country": "Heard Island and McDonald Islands",
    "countryCode": "HM",
    "countryCode3": "HMD",
    "numericCode": 334,
    "latitude": -53.1,
    "longitude": 72.5167
  },
  {
    "country": "Holy See (Vatican City State)",
    "countryCode": "VA",
    "countryCode3": "VAT",
    "numericCode": 336,
    "latitude": 41.9,
    "longitude": 12.45
  },
  {
    "country": "Honduras",
    "countryCode": "HN",
    "countryCode3": "HND",
    "numericCode": 340,
    "latitude": 15,
    "longitude": -86.5
  },
  {
    "country": "Hong Kong",
    "countryCode": "HK",
    "countryCode3": "HKG",
    "numericCode": 344,
    "latitude": 22.25,
    "longitude": 114.1667
  },
  {
    "country": "Hungary",
    "countryCode": "HU",
    "countryCode3": "HUN",
    "numericCode": 348,
    "latitude": 47,
    "longitude": 20
  },
  {
    "country": "Iceland",
    "countryCode": "IS",
    "countryCode3": "ISL",
    "numericCode": 352,
    "latitude": 65,
    "longitude": -18
  },
  {
    "country": "India",
    "countryCode": "IN",
    "countryCode3": "IND",
    "numericCode": 356,
    "latitude": 20,
    "longitude": 77
  },
  {
    "country": "Indonesia",
    "countryCode": "ID",
    "countryCode3": "IDN",
    "numericCode": 360,
    "latitude": -5,
    "longitude": 120
  },
  {
    "country": "Iran, Islamic Republic of",
    "countryCode": "IR",
    "countryCode3": "IRN",
    "numericCode": 364,
    "latitude": 32,
    "longitude": 53
  },
  {
    "country": "Iraq",
    "countryCode": "IQ",
    "countryCode3": "IRQ",
    "numericCode": 368,
    "latitude": 33,
    "longitude": 44
  },
  {
    "country": "Ireland",
    "countryCode": "IE",
    "countryCode3": "IRL",
    "numericCode": 372,
    "latitude": 53,
    "longitude": -8
  },
  {
    "country": "Isle of Man",
    "countryCode": "IM",
    "countryCode3": "IMN",
    "numericCode": 833,
    "latitude": 54.23,
    "longitude": -4.55
  },
  {
    "country": "Israel",
    "countryCode": "IL",
    "countryCode3": "ISR",
    "numericCode": 376,
    "latitude": 31.5,
    "longitude": 34.75
  },
  {
    "country": "Italy",
    "countryCode": "IT",
    "countryCode3": "ITA",
    "numericCode": 380,
    "latitude": 42.8333,
    "longitude": 12.8333
  },
  {
    "country": "Jamaica",
    "countryCode": "JM",
    "countryCode3": "JAM",
    "numericCode": 388,
    "latitude": 18.25,
    "longitude": -77.5
  },
  {
    "country": "Japan",
    "countryCode": "JP",
    "countryCode3": "JPN",
    "numericCode": 392,
    "latitude": 36,
    "longitude": 138
  },
  {
    "country": "Jersey",
    "countryCode": "JE",
    "countryCode3": "JEY",
    "numericCode": 832,
    "latitude": 49.21,
    "longitude": -2.13
  },
  {
    "country": "Jordan",
    "countryCode": "JO",
    "countryCode3": "JOR",
    "numericCode": 400,
    "latitude": 31,
    "longitude": 36
  },
  {
    "country": "Kazakhstan",
    "countryCode": "KZ",
    "countryCode3": "KAZ",
    "numericCode": 398,
    "latitude": 48,
    "longitude": 68
  },
  {
    "country": "Kenya",
    "countryCode": "KE",
    "countryCode3": "KEN",
    "numericCode": 404,
    "latitude": 1,
    "longitude": 38
  },
  {
    "country": "Kiribati",
    "countryCode": "KI",
    "countryCode3": "KIR",
    "numericCode": 296,
    "latitude": 1.4167,
    "longitude": 173
  },
  {
    "country": "Korea, Democratic People's Republic of",
    "countryCode": "KP",
    "countryCode3": "PRK",
    "numericCode": 408,
    "latitude": 40,
    "longitude": 127
  },
  {
    "country": "Korea, Republic of",
    "countryCode": "KR",
    "countryCode3": "KOR",
    "numericCode": 410,
    "latitude": 37,
    "longitude": 127.5
  },
  {
    "country": "South Korea",
    "countryCode": "KR",
    "countryCode3": "KOR",
    "numericCode": 410,
    "latitude": 37,
    "longitude": 127.5
  },
  {
    "country": "Kuwait",
    "countryCode": "KW",
    "countryCode3": "KWT",
    "numericCode": 414,
    "latitude": 29.3375,
    "longitude": 47.6581
  },
  {
    "country": "Kyrgyzstan",
    "countryCode": "KG",
    "countryCode3": "KGZ",
    "numericCode": 417,
    "latitude": 41,
    "longitude": 75
  },
  {
    "country": "Lao People's Democratic Republic",
    "countryCode": "LA",
    "countryCode3": "LAO",
    "numericCode": 418,
    "latitude": 18,
    "longitude": 105
  },
  {
    "country": "Latvia",
    "countryCode": "LV",
    "countryCode3": "LVA",
    "numericCode": 428,
    "latitude": 57,
    "longitude": 25
  },
  {
    "country": "Lebanon",
    "countryCode": "LB",
    "countryCode3": "LBN",
    "numericCode": 422,
    "latitude": 33.8333,
    "longitude": 35.8333
  },
  {
    "country": "Lesotho",
    "countryCode": "LS",
    "countryCode3": "LSO",
    "numericCode": 426,
    "latitude": -29.5,
    "longitude": 28.5
  },
  {
    "country": "Liberia",
    "countryCode": "LR",
    "countryCode3": "LBR",
    "numericCode": 430,
    "latitude": 6.5,
    "longitude": -9.5
  },
  {
    "country": "Libyan Arab Jamahiriya",
    "countryCode": "LY",
    "countryCode3": "LBY",
    "numericCode": 434,
    "latitude": 25,
    "longitude": 17
  },
  {
    "country": "Libya",
    "countryCode": "LY",
    "countryCode3": "LBY",
    "numericCode": 434,
    "latitude": 25,
    "longitude": 17
  },
  {
    "country": "Liechtenstein",
    "countryCode": "LI",
    "countryCode3": "LIE",
    "numericCode": 438,
    "latitude": 47.1667,
    "longitude": 9.5333
  },
  {
    "country": "Lithuania",
    "countryCode": "LT",
    "countryCode3": "LTU",
    "numericCode": 440,
    "latitude": 56,
    "longitude": 24
  },
  {
    "country": "Luxembourg",
    "countryCode": "LU",
    "countryCode3": "LUX",
    "numericCode": 442,
    "latitude": 49.75,
    "longitude": 6.1667
  },
  {
    "country": "Macao",
    "countryCode": "MO",
    "countryCode3": "MAC",
    "numericCode": 446,
    "latitude": 22.1667,
    "longitude": 113.55
  },
  {
    "country": "Macedonia, the former Yugoslav Republic of",
    "countryCode": "MK",
    "countryCode3": "MKD",
    "numericCode": 807,
    "latitude": 41.8333,
    "longitude": 22
  },
  {
    "country": "Madagascar",
    "countryCode": "MG",
    "countryCode3": "MDG",
    "numericCode": 450,
    "latitude": -20,
    "longitude": 47
  },
  {
    "country": "Malawi",
    "countryCode": "MW",
    "countryCode3": "MWI",
    "numericCode": 454,
    "latitude": -13.5,
    "longitude": 34
  },
  {
    "country": "Malaysia",
    "countryCode": "MY",
    "countryCode3": "MYS",
    "numericCode": 458,
    "latitude": 2.5,
    "longitude": 112.5
  },
  {
    "country": "Maldives",
    "countryCode": "MV",
    "countryCode3": "MDV",
    "numericCode": 462,
    "latitude": 3.25,
    "longitude": 73
  },
  {
    "country": "Mali",
    "countryCode": "ML",
    "countryCode3": "MLI",
    "numericCode": 466,
    "latitude": 17,
    "longitude": -4
  },
  {
    "country": "Malta",
    "countryCode": "MT",
    "countryCode3": "MLT",
    "numericCode": 470,
    "latitude": 35.8333,
    "longitude": 14.5833
  },
  {
    "country": "Marshall Islands",
    "countryCode": "MH",
    "countryCode3": "MHL",
    "numericCode": 584,
    "latitude": 9,
    "longitude": 168
  },
  {
    "country": "Martinique",
    "countryCode": "MQ",
    "countryCode3": "MTQ",
    "numericCode": 474,
    "latitude": 14.6667,
    "longitude": -61
  },
  {
    "country": "Mauritania",
    "countryCode": "MR",
    "countryCode3": "MRT",
    "numericCode": 478,
    "latitude": 20,
    "longitude": -12
  },
  {
    "country": "Mauritius",
    "countryCode": "MU",
    "countryCode3": "MUS",
    "numericCode": 480,
    "latitude": -20.2833,
    "longitude": 57.55
  },
  {
    "country": "Mayotte",
    "countryCode": "YT",
    "countryCode3": "MYT",
    "numericCode": 175,
    "latitude": -12.8333,
    "longitude": 45.1667
  },
  {
    "country": "Mexico",
    "countryCode": "MX",
    "countryCode3": "MEX",
    "numericCode": 484,
    "latitude": 23,
    "longitude": -102
  },
  {
    "country": "Micronesia, Federated States of",
    "countryCode": "FM",
    "countryCode3": "FSM",
    "numericCode": 583,
    "latitude": 6.9167,
    "longitude": 158.25
  },
  {
    "country": "Moldova, Republic of",
    "countryCode": "MD",
    "countryCode3": "MDA",
    "numericCode": 498,
    "latitude": 47,
    "longitude": 29
  },
  {
    "country": "Monaco",
    "countryCode": "MC",
    "countryCode3": "MCO",
    "numericCode": 492,
    "latitude": 43.7333,
    "longitude": 7.4
  },
  {
    "country": "Mongolia",
    "countryCode": "MN",
    "countryCode3": "MNG",
    "numericCode": 496,
    "latitude": 46,
    "longitude": 105
  },
  {
    "country": "Montenegro",
    "countryCode": "ME",
    "countryCode3": "MNE",
    "numericCode": 499,
    "latitude": 42,
    "longitude": 19
  },
  {
    "country": "Montserrat",
    "countryCode": "MS",
    "countryCode3": "MSR",
    "numericCode": 500,
    "latitude": 16.75,
    "longitude": -62.2
  },
  {
    "country": "Morocco",
    "countryCode": "MA",
    "countryCode3": "MAR",
    "numericCode": 504,
    "latitude": 32,
    "longitude": -5
  },
  {
    "country": "Mozambique",
    "countryCode": "MZ",
    "countryCode3": "MOZ",
    "numericCode": 508,
    "latitude": -18.25,
    "longitude": 35
  },
  {
    "country": "Myanmar",
    "countryCode": "MM",
    "countryCode3": "MMR",
    "numericCode": 104,
    "latitude": 22,
    "longitude": 98
  },
  {
    "country": "Burma",
    "countryCode": "MM",
    "countryCode3": "MMR",
    "numericCode": 104,
    "latitude": 22,
    "longitude": 98
  },
  {
    "country": "Namibia",
    "countryCode": "NA",
    "countryCode3": "NAM",
    "numericCode": 516,
    "latitude": -22,
    "longitude": 17
  },
  {
    "country": "Nauru",
    "countryCode": "NR",
    "countryCode3": "NRU",
    "numericCode": 520,
    "latitude": -0.5333,
    "longitude": 166.9167
  },
  {
    "country": "Nepal",
    "countryCode": "NP",
    "countryCode3": "NPL",
    "numericCode": 524,
    "latitude": 28,
    "longitude": 84
  },
  {
    "country": "Netherlands",
    "countryCode": "NL",
    "countryCode3": "NLD",
    "numericCode": 528,
    "latitude": 52.5,
    "longitude": 5.75
  },
  {
    "country": "Netherlands Antilles",
    "countryCode": "AN",
    "countryCode3": "ANT",
    "numericCode": 530,
    "latitude": 12.25,
    "longitude": -68.75
  },
  {
    "country": "New Caledonia",
    "countryCode": "NC",
    "countryCode3": "NCL",
    "numericCode": 540,
    "latitude": -21.5,
    "longitude": 165.5
  },
  {
    "country": "New Zealand",
    "countryCode": "NZ",
    "countryCode3": "NZL",
    "numericCode": 554,
    "latitude": -41,
    "longitude": 174
  },
  {
    "country": "Nicaragua",
    "countryCode": "NI",
    "countryCode3": "NIC",
    "numericCode": 558,
    "latitude": 13,
    "longitude": -85
  },
  {
    "country": "Niger",
    "countryCode": "NE",
    "countryCode3": "NER",
    "numericCode": 562,
    "latitude": 16,
    "longitude": 8
  },
  {
    "country": "Nigeria",
    "countryCode": "NG",
    "countryCode3": "NGA",
    "numericCode": 566,
    "latitude": 10,
    "longitude": 8
  },
  {
    "country": "Niue",
    "countryCode": "NU",
    "countryCode3": "NIU",
    "numericCode": 570,
    "latitude": -19.0333,
    "longitude": -169.8667
  },
  {
    "country": "Norfolk Island",
    "countryCode": "NF",
    "countryCode3": "NFK",
    "numericCode": 574,
    "latitude": -29.0333,
    "longitude": 167.95
  },
  {
    "country": "Northern Mariana Islands",
    "countryCode": "MP",
    "countryCode3": "MNP",
    "numericCode": 580,
    "latitude": 15.2,
    "longitude": 145.75
  },
  {
    "country": "Norway",
    "countryCode": "NO",
    "countryCode3": "NOR",
    "numericCode": 578,
    "latitude": 62,
    "longitude": 10
  },
  {
    "country": "Oman",
    "countryCode": "OM",
    "countryCode3": "OMN",
    "numericCode": 512,
    "latitude": 21,
    "longitude": 57
  },
  {
    "country": "Pakistan",
    "countryCode": "PK",
    "countryCode3": "PAK",
    "numericCode": 586,
    "latitude": 30,
    "longitude": 70
  },
  {
    "country": "Palau",
    "countryCode": "PW",
    "countryCode3": "PLW",
    "numericCode": 585,
    "latitude": 7.5,
    "longitude": 134.5
  },
  {
    "country": "Palestinian Territory, Occupied",
    "countryCode": "PS",
    "countryCode3": "PSE",
    "numericCode": 275,
    "latitude": 32,
    "longitude": 35.25
  },
  {
    "country": "Panama",
    "countryCode": "PA",
    "countryCode3": "PAN",
    "numericCode": 591,
    "latitude": 9,
    "longitude": -80
  },
  {
    "country": "Papua New Guinea",
    "countryCode": "PG",
    "countryCode3": "PNG",
    "numericCode": 598,
    "latitude": -6,
    "longitude": 147
  },
  {
    "country": "Paraguay",
    "countryCode": "PY",
    "countryCode3": "PRY",
    "numericCode": 600,
    "latitude": -23,
    "longitude": -58
  },
  {
    "country": "Peru",
    "countryCode": "PE",
    "countryCode3": "PER",
    "numericCode": 604,
    "latitude": -10,
    "longitude": -76
  },
  {
    "country": "Philippines",
    "countryCode": "PH",
    "countryCode3": "PHL",
    "numericCode": 608,
    "latitude": 13,
    "longitude": 122
  },
  {
    "country": "Pitcairn",
    "countryCode": "PN",
    "countryCode3": "PCN",
    "numericCode": 612,
    "latitude": -24.7,
    "longitude": -127.4
  },
  {
    "country": "Poland",
    "countryCode": "PL",
    "countryCode3": "POL",
    "numericCode": 616,
    "latitude": 52,
    "longitude": 20
  },
  {
    "country": "Portugal",
    "countryCode": "PT",
    "countryCode3": "PRT",
    "numericCode": 620,
    "latitude": 39.5,
    "longitude": -8
  },
  {
    "country": "Puerto Rico",
    "countryCode": "PR",
    "countryCode3": "PRI",
    "numericCode": 630,
    "latitude": 18.25,
    "longitude": -66.5
  },
  {
    "country": "Qatar",
    "countryCode": "QA",
    "countryCode3": "QAT",
    "numericCode": 634,
    "latitude": 25.5,
    "longitude": 51.25
  },
  {
    "country": "Réunion",
    "countryCode": "RE",
    "countryCode3": "REU",
    "numericCode": 638,
    "latitude": -21.1,
    "longitude": 55.6
  },
  {
    "country": "Romania",
    "countryCode": "RO",
    "countryCode3": "ROU",
    "numericCode": 642,
    "latitude": 46,
    "longitude": 25
  },
  {
    "country": "Russian Federation",
    "countryCode": "RU",
    "countryCode3": "RUS",
    "numericCode": 643,
    "latitude": 60,
    "longitude": 100
  },
  {
    "country": "Russia",
    "countryCode": "RU",
    "countryCode3": "RUS",
    "numericCode": 643,
    "latitude": 60,
    "longitude": 100
  },
  {
    "country": "Rwanda",
    "countryCode": "RW",
    "countryCode3": "RWA",
    "numericCode": 646,
    "latitude": -2,
    "longitude": 30
  },
  {
    "country": "Saint Helena, Ascension and Tristan da Cunha",
    "countryCode": "SH",
    "countryCode3": "SHN",
    "numericCode": 654,
    "latitude": -15.9333,
    "longitude": -5.7
  },
  {
    "country": "Saint Kitts and Nevis",
    "countryCode": "KN",
    "countryCode3": "KNA",
    "numericCode": 659,
    "latitude": 17.3333,
    "longitude": -62.75
  },
  {
    "country": "Saint Lucia",
    "countryCode": "LC",
    "countryCode3": "LCA",
    "numericCode": 662,
    "latitude": 13.8833,
    "longitude": -61.1333
  },
  {
    "country": "Saint Pierre and Miquelon",
    "countryCode": "PM",
    "countryCode3": "SPM",
    "numericCode": 666,
    "latitude": 46.8333,
    "longitude": -56.3333
  },
  {
    "country": "Saint Vincent and the Grenadines",
    "countryCode": "VC",
    "countryCode3": "VCT",
    "numericCode": 670,
    "latitude": 13.25,
    "longitude": -61.2
  },
  {
    "country": "St. Vincent and the Grenadines",
    "countryCode": "VC",
    "countryCode3": "VCT",
    "numericCode": 670,
    "latitude": 13.25,
    "longitude": -61.2
  },
  {
    "country": "Samoa",
    "countryCode": "WS",
    "countryCode3": "WSM",
    "numericCode": 882,
    "latitude": -13.5833,
    "longitude": -172.3333
  },
  {
    "country": "San Marino",
    "countryCode": "SM",
    "countryCode3": "SMR",
    "numericCode": 674,
    "latitude": 43.7667,
    "longitude": 12.4167
  },
  {
    "country": "Sao Tome and Principe",
    "countryCode": "ST",
    "countryCode3": "STP",
    "numericCode": 678,
    "latitude": 1,
    "longitude": 7
  },
  {
    "country": "Saudi Arabia",
    "countryCode": "SA",
    "countryCode3": "SAU",
    "numericCode": 682,
    "latitude": 25,
    "longitude": 45
  },
  {
    "country": "Senegal",
    "countryCode": "SN",
    "countryCode3": "SEN",
    "numericCode": 686,
    "latitude": 14,
    "longitude": -14
  },
  {
    "country": "Serbia",
    "countryCode": "RS",
    "countryCode3": "SRB",
    "numericCode": 688,
    "latitude": 44,
    "longitude": 21
  },
  {
    "country": "Seychelles",
    "countryCode": "SC",
    "countryCode3": "SYC",
    "numericCode": 690,
    "latitude": -4.5833,
    "longitude": 55.6667
  },
  {
    "country": "Sierra Leone",
    "countryCode": "SL",
    "countryCode3": "SLE",
    "numericCode": 694,
    "latitude": 8.5,
    "longitude": -11.5
  },
  {
    "country": "Singapore",
    "countryCode": "SG",
    "countryCode3": "SGP",
    "numericCode": 702,
    "latitude": 1.3667,
    "longitude": 103.8
  },
  {
    "country": "Slovakia",
    "countryCode": "SK",
    "countryCode3": "SVK",
    "numericCode": 703,
    "latitude": 48.6667,
    "longitude": 19.5
  },
  {
    "country": "Slovenia",
    "countryCode": "SI",
    "countryCode3": "SVN",
    "numericCode": 705,
    "latitude": 46,
    "longitude": 15
  },
  {
    "country": "Solomon Islands",
    "countryCode": "SB",
    "countryCode3": "SLB",
    "numericCode": 90,
    "latitude": -8,
    "longitude": 159
  },
  {
    "country": "Somalia",
    "countryCode": "SO",
    "countryCode3": "SOM",
    "numericCode": 706,
    "latitude": 10,
    "longitude": 49
  },
  {
    "country": "South Africa",
    "countryCode": "ZA",
    "countryCode3": "ZAF",
    "numericCode": 710,
    "latitude": -29,
    "longitude": 24
  },
  {
    "country": "South Georgia and the South Sandwich Islands",
    "countryCode": "GS",
    "countryCode3": "SGS",
    "numericCode": 239,
    "latitude": -54.5,
    "longitude": -37
  },
  {
    "country": "South Sudan",
    "countryCode": "SS",
    "countryCode3": "SSD",
    "numericCode": 728,
    "latitude": 8,
    "longitude": 30
  },
  {
    "country": "Spain",
    "countryCode": "ES",
    "countryCode3": "ESP",
    "numericCode": 724,
    "latitude": 40,
    "longitude": -4
  },
  {
    "country": "Sri Lanka",
    "countryCode": "LK",
    "countryCode3": "LKA",
    "numericCode": 144,
    "latitude": 7,
    "longitude": 81
  },
  {
    "country": "Sudan",
    "countryCode": "SD",
    "countryCode3": "SDN",
    "numericCode": 736,
    "latitude": 15,
    "longitude": 30
  },
  {
    "country": "Suriname",
    "countryCode": "SR",
    "countryCode3": "SUR",
    "numericCode": 740,
    "latitude": 4,
    "longitude": -56
  },
  {
    "country": "Svalbard and Jan Mayen",
    "countryCode": "SJ",
    "countryCode3": "SJM",
    "numericCode": 744,
    "latitude": 78,
    "longitude": 20
  },
  {
    "country": "Swaziland",
    "countryCode": "SZ",
    "countryCode3": "SWZ",
    "numericCode": 748,
    "latitude": -26.5,
    "longitude": 31.5
  },
  {
    "country": "Sweden",
    "countryCode": "SE",
    "countryCode3": "SWE",
    "numericCode": 752,
    "latitude": 62,
    "longitude": 15
  },
  {
    "country": "Switzerland",
    "countryCode": "CH",
    "countryCode3": "CHE",
    "numericCode": 756,
    "latitude": 47,
    "longitude": 8
  },
  {
    "country": "Syrian Arab Republic",
    "countryCode": "SY",
    "countryCode3": "SYR",
    "numericCode": 760,
    "latitude": 35,
    "longitude": 38
  },
  {
    "country": "Taiwan",
    "countryCode": "TW",
    "countryCode3": "TWN",
    "numericCode": 158,
    "latitude": 23.5,
    "longitude": 121
  },
  {
    "country": "Tajikistan",
    "countryCode": "TJ",
    "countryCode3": "TJK",
    "numericCode": 762,
    "latitude": 39,
    "longitude": 71
  },
  {
    "country": "Tanzania, United Republic of",
    "countryCode": "TZ",
    "countryCode3": "TZA",
    "numericCode": 834,
    "latitude": -6,
    "longitude": 35
  },
  {
    "country": "Thailand",
    "countryCode": "TH",
    "countryCode3": "THA",
    "numericCode": 764,
    "latitude": 15,
    "longitude": 100
  },
  {
    "country": "Timor-Leste",
    "countryCode": "TL",
    "countryCode3": "TLS",
    "numericCode": 626,
    "latitude": -8.55,
    "longitude": 125.5167
  },
  {
    "country": "Togo",
    "countryCode": "TG",
    "countryCode3": "TGO",
    "numericCode": 768,
    "latitude": 8,
    "longitude": 1.1667
  },
  {
    "country": "Tokelau",
    "countryCode": "TK",
    "countryCode3": "TKL",
    "numericCode": 772,
    "latitude": -9,
    "longitude": -172
  },
  {
    "country": "Tonga",
    "countryCode": "TO",
    "countryCode3": "TON",
    "numericCode": 776,
    "latitude": -20,
    "longitude": -175
  },
  {
    "country": "Trinidad and Tobago",
    "countryCode": "TT",
    "countryCode3": "TTO",
    "numericCode": 780,
    "latitude": 11,
    "longitude": -61
  },
  {
    "country": "Tunisia",
    "countryCode": "TN",
    "countryCode3": "TUN",
    "numericCode": 788,
    "latitude": 34,
    "longitude": 9
  },
  {
    "country": "Turkey",
    "countryCode": "TR",
    "countryCode3": "TUR",
    "numericCode": 792,
    "latitude": 39,
    "longitude": 35
  },
  {
    "country": "Turkmenistan",
    "countryCode": "TM",
    "countryCode3": "TKM",
    "numericCode": 795,
    "latitude": 40,
    "longitude": 60
  },
  {
    "country": "Turks and Caicos Islands",
    "countryCode": "TC",
    "countryCode3": "TCA",
    "numericCode": 796,
    "latitude": 21.75,
    "longitude": -71.5833
  },
  {
    "country": "Tuvalu",
    "countryCode": "TV",
    "countryCode3": "TUV",
    "numericCode": 798,
    "latitude": -8,
    "longitude": 178
  },
  {
    "country": "Uganda",
    "countryCode": "UG",
    "countryCode3": "UGA",
    "numericCode": 800,
    "latitude": 1,
    "longitude": 32
  },
  {
    "country": "Ukraine",
    "countryCode": "UA",
    "countryCode3": "UKR",
    "numericCode": 804,
    "latitude": 49,
    "longitude": 32
  },
  {
    "country": "United Arab Emirates",
    "countryCode": "AE",
    "countryCode3": "ARE",
    "numericCode": 784,
    "latitude": 24,
    "longitude": 54
  },
  {
    "country": "United Kingdom",
    "countryCode": "GB",
    "countryCode3": "GBR",
    "numericCode": 826,
    "latitude": 54,
    "longitude": -2
  },
  {
    "country": "United States",
    "countryCode": "US",
    "countryCode3": "USA",
    "numericCode": 840,
    "latitude": 38,
    "longitude": -97
  },
  {
    "country": "United States Minor Outlying Islands",
    "countryCode": "UM",
    "countryCode3": "UMI",
    "numericCode": 581,
    "latitude": 19.2833,
    "longitude": 166.6
  },
  {
    "country": "Uruguay",
    "countryCode": "UY",
    "countryCode3": "URY",
    "numericCode": 858,
    "latitude": -33,
    "longitude": -56
  },
  {
    "country": "Uzbekistan",
    "countryCode": "UZ",
    "countryCode3": "UZB",
    "numericCode": 860,
    "latitude": 41,
    "longitude": 64
  },
  {
    "country": "Vanuatu",
    "countryCode": "VU",
    "countryCode3": "VUT",
    "numericCode": 548,
    "latitude": -16,
    "longitude": 167
  },
  {
    "country": "Venezuela, Bolivarian Republic of",
    "countryCode": "VE",
    "countryCode3": "VEN",
    "numericCode": 862,
    "latitude": 8,
    "longitude": -66
  },
  {
    "country": "Venezuela",
    "countryCode": "VE",
    "countryCode3": "VEN",
    "numericCode": 862,
    "latitude": 8,
    "longitude": -66
  },
  {
    "country": "Viet Nam",
    "countryCode": "VN",
    "countryCode3": "VNM",
    "numericCode": 704,
    "latitude": 16,
    "longitude": 106
  },
  {
    "country": "Vietnam",
    "countryCode": "VN",
    "countryCode3": "VNM",
    "numericCode": 704,
    "latitude": 16,
    "longitude": 106
  },
  {
    "country": "Virgin Islands, British",
    "countryCode": "VG",
    "countryCode3": "VGB",
    "numericCode": 92,
    "latitude": 18.5,
    "longitude": -64.5
  },
  {
    "country": "Virgin Islands, U.S.",
    "countryCode": "VI",
    "countryCode3": "VIR",
    "numericCode": 850,
    "latitude": 18.3333,
    "longitude": -64.8333
  },
  {
    "country": "Wallis and Futuna",
    "countryCode": "WF",
    "countryCode3": "WLF",
    "numericCode": 876,
    "latitude": -13.3,
    "longitude": -176.2
  },
  {
    "country": "Western Sahara",
    "countryCode": "EH",
    "countryCode3": "ESH",
    "numericCode": 732,
    "latitude": 24.5,
    "longitude": -13
  },
  {
    "country": "Yemen",
    "countryCode": "YE",
    "countryCode3": "YEM",
    "numericCode": 887,
    "latitude": 15,
    "longitude": 48
  },
  {
    "country": "Zambia",
    "countryCode": "ZM",
    "countryCode3": "ZMB",
    "numericCode": 894,
    "latitude": -15,
    "longitude": 30
  },
  {
    "country": "Zimbabwe",
    "countryCode": "ZW",
    "countryCode3": "ZWE",
    "numericCode": 716,
    "latitude": -20,
    "longitude": 30
  }
]
